Name,Age,Gender,Salary
A,-1.3423121104280482,1,-1.0690449676496976
B,0.0,0,1.6035674514745464
C,-0.1342312110428044,1,0.0
D,1.4765433214708539,0,-0.5345224838248488
